\connect news_db

INSERT INTO news.author (name, surname) VALUES 
    ('Sergei', 'Crachev'),
    ('Andrew', 'Bubkov'),
    ('Igor', 'Bikov'),
    ('Lena', 'Lavrenteva'),
    ('Viktoria', 'Tolstaya'),
    ('Petr', 'Ivanov'),
    ('Egor', 'Pilec'),
    ('Igor', 'Rudakovski'),
    ('Yaugeni', 'Metelski'),
    ('Sergei', 'Podorognikov'),
    ('Vlad', 'Berezkin'),
    ('Tolik', 'Petrov'),
    ('Alexey', 'Sidorov'),
    ('Vasya', 'Pupkin'),
    ('Svetlana', 'Meleg'),
    ('Tatiana', 'Belaya'),
    ('Natali', 'Ivanova'),
    ('Sahsa', 'Golikov'),
    ('Vladimir', 'Kolesnikov'),
    ('Igor', 'Mishkin');

INSERT INTO news.tag (name) VALUES 
    ('animals'),
    ('game'),
    ('pet'),
    ('car'),
    ('football'),
    ('airplane'),
    ('hockey'),
    ('law'),
    ('home'),
    ('country'),
    ('children'),
    ('parents'),
    ('equipment'),
    ('music'),
    ('movie'),
    ('city'),
    ('culture'),
    ('clothes'),
    ('tv'),
    ('song');

insert into news.news (title, short_text, full_Text, creation_date, modification_date) VALUES 
    ('title 1', 'short text 1', 'full text 1', '2020-01-10', '2020-01-28'),
    ('title 2', 'short text 2', 'full text 2', '2020-01-12', '2020-01-28'),
    ('title 3', 'short text 3', 'full text 3', '2020-01-11', '2020-01-28'),
    ('title 4', 'short text 4', 'full text 4', '2020-01-14', '2020-01-28'),
    ('title 5', 'short text 5', 'full text 5', '2020-01-13', '2020-01-28'),
    ('title 6', 'short text 6', 'full text 6', '2020-01-15', '2020-01-28'),
    ('title 7', 'short text 7', 'full text 7', '2020-01-16', '2020-01-28'),
    ('title 8', 'short text 8', 'full text 8', '2020-01-14', '2020-01-28'),
    ('title 9', 'short text 9', 'full text 9', '2020-01-18', '2020-01-28'),
    ('title 10', 'short text 10', 'full text 10', '2020-01-17', '2020-01-28'),
    ('title 11', 'short text 11', 'full text 11', '2020-01-15', '2020-01-28'),
    ('title 12', 'short text 12', 'full text 12', '2020-01-10', '2020-01-28'),
    ('title 13', 'short text 13', 'full text 13', '2020-01-20', '2020-01-28'),
    ('title 14', 'short text 14', 'full text 14', '2020-01-22', '2020-01-28'),
    ('title 15', 'short text 15', 'full text 15', '2020-01-21', '2020-01-28'),
    ('title 16', 'short text 16', 'full text 16', '2020-01-15', '2020-01-28'),
    ('title 17', 'short text 17', 'full text 17', '2020-01-14', '2020-01-28'),
    ('title 18', 'short text 18', 'full text 18', '2020-01-13', '2020-01-28'),
    ('title 19', 'short text 19', 'full text 19', '2020-01-25', '2020-01-28'),
    ('title 20', 'short text 20', 'full text 20', '2020-01-28', '2020-01-28');

INSERT INTO news.news_author (news_id, author_id) VALUES 
    (1, 3),
    (2, 3),
    (3, 3),
    (4, 3),
    (5, 4),
    (6, 4),
    (7, 4),
    (8, 1),
    (9, 1),
    (10, 2),
    (11, 3),
    (12, 5),
    (13, 5),
    (14, 8),
    (15, 9),
    (16, 10),
    (17, 11),
    (18, 11),
    (19, 12),
    (20, 13);

INSERT INTO news.news_tag (news_id, tag_id) VALUES 
    (1, 4),
    (1, 5),
    (1, 6),
    (2, 4),
    (3, 7),
    (3, 8),
    (4, 9),
    (4, 10),
    (5, 11),
    (5, 4),
    (6, 5),
    (6, 7),
    (7, 3),
    (7, 1),
    (8, 3),
    (8, 4),
    (9, 10),
    (10, 11),
    (10, 2),
    (11, 10),
    (12, 12),
    (12, 16),
    (12, 19),
    (13, 20),
    (14, 5),
    (14, 8),
    (15, 14),
    (16, 17),
    (17, 2),
    (18, 6),
    (18, 4),
    (19, 5),
    (20, 10);

--password = Asdsf123!
INSERT INTO news."user" (name, surname, login, password) VALUES
    ('Sergei', 'Crachev', 'crach', '$2a$10$1qtGLG/C3VlFWEGFPy7OWOGvOdBPI7Ms006aCW4zplrDJKWy8Vyxi'),
    ('Andrew', 'Bubkov', 'bub', '$2a$10$1qtGLG/C3VlFWEGFPy7OWOGvOdBPI7Ms006aCW4zplrDJKWy8Vyxi'),
    ('Igor', 'Bikov', 'bib', '$2a$10$1qtGLG/C3VlFWEGFPy7OWOGvOdBPI7Ms006aCW4zplrDJKWy8Vyxi'),
    ('Lena', 'Lavrenteva', 'lav', '$2a$10$1qtGLG/C3VlFWEGFPy7OWOGvOdBPI7Ms006aCW4zplrDJKWy8Vyxi'),
    ('Viktoria', 'Tolstaya', 'tol', '$2a$10$1qtGLG/C3VlFWEGFPy7OWOGvOdBPI7Ms006aCW4zplrDJKWy8Vyxi'),
    ('Petr', 'Ivanov', 'ivan', '$2a$10$1qtGLG/C3VlFWEGFPy7OWOGvOdBPI7Ms006aCW4zplrDJKWy8Vyxi'),
    ('Egor', 'Pilec', 'pilec', '$2a$10$1qtGLG/C3VlFWEGFPy7OWOGvOdBPI7Ms006aCW4zplrDJKWy8Vyxi'),
    ('Igor', 'Rudakovski', 'ridik', '$2a$10$1qtGLG/C3VlFWEGFPy7OWOGvOdBPI7Ms006aCW4zplrDJKWy8Vyxi'),
    ('Yaugeni', 'Metelski', 'metel', '$2a$10$1qtGLG/C3VlFWEGFPy7OWOGvOdBPI7Ms006aCW4zplrDJKWy8Vyxi'),
    ('Sergei', 'Podorognikov', 'podik', '$2a$10$1qtGLG/C3VlFWEGFPy7OWOGvOdBPI7Ms006aCW4zplrDJKWy8Vyxi'),
    ('Vlad', 'Berezkin', 'bereza', '$2a$10$1qtGLG/C3VlFWEGFPy7OWOGvOdBPI7Ms006aCW4zplrDJKWy8Vyxi'),
    ('Tolik', 'Petrov', 'petrov', '$2a$10$1qtGLG/C3VlFWEGFPy7OWOGvOdBPI7Ms006aCW4zplrDJKWy8Vyxi'),
    ('Alexey', 'Sidorov', 'sidor', '$2a$10$1qtGLG/C3VlFWEGFPy7OWOGvOdBPI7Ms006aCW4zplrDJKWy8Vyxi'),
    ('Vasya', 'Pupkin', 'pupok', '$2a$10$1qtGLG/C3VlFWEGFPy7OWOGvOdBPI7Ms006aCW4zplrDJKWy8Vyxi'),
    ('Svetlana', 'Meleg', 'meleg', '$2a$10$1qtGLG/C3VlFWEGFPy7OWOGvOdBPI7Ms006aCW4zplrDJKWy8Vyxi'),
    ('Tatiana', 'Belaya', 'belka', '$2a$10$1qtGLG/C3VlFWEGFPy7OWOGvOdBPI7Ms006aCW4zplrDJKWy8Vyxi'),
    ('Natali', 'Ivanova', 'nata', '$2a$10$1qtGLG/C3VlFWEGFPy7OWOGvOdBPI7Ms006aCW4zplrDJKWy8Vyxi'),
    ('Sahsa', 'Golikov', 'sanek', '$2a$10$1qtGLG/C3VlFWEGFPy7OWOGvOdBPI7Ms006aCW4zplrDJKWy8Vyxi'),
    ('Vladimir', 'Kolesnikov', 'vlad', '$2a$10$1qtGLG/C3VlFWEGFPy7OWOGvOdBPI7Ms006aCW4zplrDJKWy8Vyxi'),
    ('Igor', 'Mishkin', 'misha', '$2a$10$1qtGLG/C3VlFWEGFPy7OWOGvOdBPI7Ms006aCW4zplrDJKWy8Vyxi');

INSERT INTO news.roles (user_id, role_name) VALUES
    (1, 'ADMIN'),
    (2, 'USER'),
    (3, 'USER'),
    (4, 'USER'),
    (5, 'USER'),
    (6, 'USER'),
    (7, 'USER'),
    (8, 'USER'),
    (9, 'USER'),
    (10, 'USER'),
    (11, 'USER'),
    (12, 'USER'),
    (13, 'USER'),
    (14, 'USER'),
    (15, 'USER'),
    (16, 'USER'),
    (17, 'USER'),
    (18, 'USER'),
    (19, 'USER'),
    (20, 'USER');

INSERT INTO news.comment (full_text, creation_date, modification_date) VALUES
    ('comment 1', '2020-01-10', '2020-01-28'),
    ('comment 2', '2020-01-10', '2020-01-28'),
    ('comment 3', '2020-01-10', '2020-01-28'),
    ('comment 4', '2020-01-10', '2020-01-28'),
    ('comment 5', '2020-01-10', '2020-01-28'),
    ('comment 6', '2020-01-10', '2020-01-28'),
    ('comment 7', '2020-01-10', '2020-01-28'),
    ('comment 8', '2020-01-10', '2020-01-28'),
    ('comment 9', '2020-01-10', '2020-01-28'),
    ('comment 10', '2020-01-10', '2020-01-28'),
    ('comment 11', '2020-01-10', '2020-01-28'),
    ('comment 12', '2020-01-10', '2020-01-28'),
    ('comment 13', '2020-01-10', '2020-01-28'),
    ('comment 14', '2020-01-10', '2020-01-28'),
    ('comment 15', '2020-01-10', '2020-01-28'),
    ('comment 16', '2020-01-10', '2020-01-28'),
    ('comment 17', '2020-01-10', '2020-01-28'),
    ('comment 18', '2020-01-10', '2020-01-28'),
    ('comment 19', '2020-01-10', '2020-01-28'),
    ('comment 20', '2020-01-10', '2020-01-28');    

INSERT INTO news.news_comment (news_id, author_id, comment_id) VALUES
    (1, 1, 1),
    (2, 1, 2),
    (3, 2, 3),
    (5, 6, 4),
    (4, 3, 5),
    (5, 7, 6),
    (1, 4, 7),
    (10, 15, 8),
    (11, 10, 9),
    (15, 17, 10),
    (20, 8, 11),
    (13, 4, 12),
    (5, 11, 13),
    (8, 5, 14),
    (6, 16, 15),
    (15, 1, 16),
    (16, 19, 17),
    (19, 20, 18),
    (19, 17, 19),
    (11, 18, 20);
